Locus	chr	bp	LM_id	cM_0	cM_01	cM_05	cM_10
39229	chrXXI	724068	9796	0	0	0	0
39236	chrXXI	739611	9797	0	0	0	0
39240	chrXXI	745236	9798	0	0	0	0
39272	chrXXI	801789	9802	0	0	0	0
39328	chrXXI	883427	9819	0	0	0	0
39374	chrXXI	934758	9832	0.043	0.057	0.017	0.009
38343	chrXXI	1393694	9558	1.064	1.628	2.19	2.219
38512	chrXXI	1486520	9605	1.064	1.628	2.19	2.219
38672	chrXXI	1613088	9672	1.064	1.628	2.19	2.219
38846	chrXXI	1749653	9729	1.064	1.628	2.19	2.219
38848	chrXXI	1777604	9730	1.064	1.628	2.19	2.219
38857	chrXXI	1893314	9732	7.482	7.47	7.424	7.374
38869	chrXXI	2028165	9735	7.482	7.47	7.424	7.374
38872	chrXXI	2082390	9736	7.482	7.47	7.424	7.374
38889	chrXXI	2301955	9738	9.611	9.356	7.424	7.374
38890	chrXXI	2312689	9739	9.611	9.356	7.424	7.374
38924	chrXXI	2599549	9742	13.877	13.381	9.596	9.589
38934	chrXXI	2696885	9744	13.877	13.381	9.596	9.589
38936	chrXXI	2713651	9745	13.877	13.381	9.596	9.589
38940	chrXXI	2761906	9746	13.877	13.381	9.596	9.589
38942	chrXXI	2766372	9747	13.877	13.381	9.596	9.589
38945	chrXXI	2789454	9749	13.877	13.381	9.596	9.589
38948	chrXXI	2820218	9750	14.941	14.445	10.66	10.655
38950	chrXXI	2846675	9751	14.941	14.445	10.66	10.655
38966	chrXXI	3414693	9753	14.941	14.445	10.66	10.655
38967	chrXXI	3414696	9754	14.941	14.445	10.66	10.655
38971	chrXXI	3472006	9755	14.941	14.445	10.66	10.655
38989	chrXXI	3653489	9759	14.941	14.445	10.66	10.655
38996	chrXXI	3745094	9760	14.941	14.445	10.66	10.655
39001	chrXXI	3808620	9762	14.941	14.445	10.66	10.655
39026	chrXXI	4064740	9764	16.005	15.509	11.724	11.719
39044	chrXXI	4253117	9766	16.005	15.509	11.724	11.719
39045	chrXXI	4253120	9767	16.005	15.509	11.724	11.719
39047	chrXXI	4293731	9768	16.005	15.509	11.724	11.719
39057	chrXXI	4418373	9769	16.005	15.509	11.724	11.719
39073	chrXXI	4706510	9772	16.005	15.509	11.724	11.719
39093	chrXXI	5205127	9773	16.005	15.509	11.724	11.719
39094	chrXXI	5205130	9774	16.005	15.509	11.724	11.719
39095	chrXXI	5228066	9775	16.005	15.509	11.724	11.719
39098	chrXXI	5235438	9776	16.005	15.509	11.724	11.719
39102	chrXXI	5457903	9777	16.005	15.509	11.724	11.719
39117	chrXXI	5759748	9779	16.005	15.509	11.724	11.719
39136	chrXXI	6049018	9782	17.069	16.573	12.788	12.783
39164	chrXXI	6530777	9783	17.069	16.573	12.788	12.783
39165	chrXXI	6548566	9784	17.069	16.573	12.788	12.783
39170	chrXXI	6553976	9786	17.069	16.573	12.788	12.783
39172	chrXXI	6572131	9787	17.069	16.573	12.788	12.783
39173	chrXXI	6583533	9788	17.069	16.573	12.788	12.783
39177	chrXXI	6624870	9789	18.133	17.637	13.852	13.847
39190	chrXXI	6836650	9790	18.133	17.637	13.852	13.847
39195	chrXXI	6853937	9791	18.133	17.637	13.852	13.847
39212	chrXXI	7073517	9793	20.261	19.766	15.981	15.975
39262	chrXXI	7955616	9799	20.261	19.766	15.981	15.975
39265	chrXXI	7972030	9801	20.261	19.766	15.981	15.975
39274	chrXXI	8018856	9803	20.261	19.766	15.981	15.975
39276	chrXXI	8027031	9805	20.261	19.766	15.981	15.975
39284	chrXXI	8095702	9808	20.261	19.766	15.981	15.975
39285	chrXXI	8197296	9809	21.325	20.83	17.044	17.03
39286	chrXXI	8197299	9810	21.325	20.83	17.044	17.03
39290	chrXXI	8239941	9811	21.325	20.83	17.044	17.03
39297	chrXXI	8407719	9812	23.454	22.959	19.174	19.169
39298	chrXXI	8407722	9813	23.454	22.959	19.174	19.169
39304	chrXXI	8452715	9814	23.454	22.959	19.174	19.169
39305	chrXXI	8464614	9815	23.454	22.959	19.174	19.169
39326	chrXXI	8758254	9817	23.454	22.959	19.174	19.169
39327	chrXXI	8758257	9818	23.454	22.959	19.174	19.169
39331	chrXXI	8860098	9820	23.454	22.959	19.174	19.169
39341	chrXXI	8977152	9821	23.454	22.959	19.174	19.169
39346	chrXXI	9068148	9822	23.454	22.959	19.174	19.169
39347	chrXXI	9068151	9823	23.454	22.959	19.174	19.169
39351	chrXXI	9104687	9824	23.454	22.959	19.174	19.169
39355	chrXXI	9181187	9825	23.454	22.959	19.174	19.169
39357	chrXXI	9185231	9826	23.454	22.959	19.174	19.169
39358	chrXXI	9185234	9827	23.454	22.959	19.174	19.169
39364	chrXXI	9265204	9828	24.518	24.023	20.238	20.233
39365	chrXXI	9270873	9829	24.518	24.023	20.238	20.233
39370	chrXXI	9295758	9830	24.518	24.023	20.238	20.233
39371	chrXXI	9337230	9831	25.582	25.087	21.302	21.297
39375	chrXXI	9386694	9833	25.582	25.087	21.302	21.297
39382	chrXXI	9443294	9835	25.582	25.087	21.302	21.297
39391	chrXXI	9711672	9837	25.582	25.087	21.302	21.297
39415	chrXXI	9840015	9839	25.582	25.087	21.302	21.297
39425	chrXXI	9956839	9840	44.524	43.845	39.031	39.02
39430	chrXXI	9995215	9842	44.524	43.845	39.031	39.02
37888	chrXXI	10148178	9443	45.588	44.751	39.031	39.02
37894	chrXXI	10173793	9444	45.588	44.751	39.031	39.02
37898	chrXXI	10186872	9445	45.588	44.751	39.031	39.02
37899	chrXXI	10222012	9446	45.588	44.751	39.031	39.02
37900	chrXXI	10222015	9447	45.589	44.751	39.031	39.022
37901	chrXXI	10224081	9448	45.589	44.752	39.031	39.022
37913	chrXXI	10346183	9450	47.718	46.892	41.222	41.286
37918	chrXXI	10465668	9451	48.782	47.945	42.228	42.223
37925	chrXXI	10492198	9452	48.782	47.945	42.228	42.223
37928	chrXXI	10505744	9453	48.782	47.945	42.228	42.223
37942	chrXXI	10578154	9456	48.782	47.945	42.228	42.224
37945	chrXXI	10589521	9458	50.911	50.074	44.356	44.346
37949	chrXXI	10692675	9460	50.911	50.074	44.356	44.346
37957	chrXXI	10745094	9462	50.911	50.074	44.356	44.346
37960	chrXXI	10762434	9464	50.911	50.074	44.356	44.346
37974	chrXXI	10986177	9465	55.176	54.34	48.621	48.612
37975	chrXXI	11007672	9466	55.176	54.34	48.621	48.612
37979	chrXXI	11015117	9467	55.176	54.34	48.621	48.612
37982	chrXXI	11050143	9468	55.176	54.34	48.621	48.612
37986	chrXXI	11135794	9469	56.241	55.404	49.682	49.661
37988	chrXXI	11167454	9470	57.305	56.469	50.755	50.754
37996	chrXXI	11270142	9471	58.369	57.533	51.816	51.797
37997	chrXXI	11270145	9472	58.369	57.533	51.816	51.797
37999	chrXXI	11275022	9473	58.369	57.533	51.816	51.797
38010	chrXXI	11420848	9474	60.462	59.629	53.313	51.806
38026	chrXXI	11487211	9475	60.465	59.632	53.313	51.806
38033	chrXXI	11596123	9476	60.465	59.632	53.313	51.806
38041	chrXXI	11657889	9478	76.962	76.133	69.146	66.001
38044	chrXXI	11669572	9479	76.962	76.133	69.146	66.001
38048	chrXXI	11677512	9480	76.962	76.133	69.146	66.001
38050	chrXXI	11715554	9481	76.962	76.133	69.146	66.001
38054	chrXXI	11719394	9482	76.962	76.133	69.146	66.001
38058	chrXXI	11749750	9483	76.962	76.133	69.146	66.001
38080	chrXXI	11884997	9485	78.026	77.197	70.211	67.065
38089	chrXXI	12016653	9488	78.026	77.197	70.211	67.065
38116	chrXXI	12179461	9494	79.091	78.261	71.275	68.13
38119	chrXXI	12202242	9495	79.091	78.261	71.275	68.13
38120	chrXXI	12202245	9496	79.091	78.261	71.275	68.13
38123	chrXXI	12209064	9497	79.091	78.261	71.275	68.13
38124	chrXXI	12215227	9498	79.091	78.261	71.275	68.13
38135	chrXXI	12285521	9499	80.155	79.325	72.339	69.194
38136	chrXXI	12285524	9500	80.155	79.325	72.339	69.194
38145	chrXXI	12338539	9503	80.155	79.325	72.339	69.194
38150	chrXXI	12420585	9505	80.155	79.325	72.339	69.194
38161	chrXXI	12596567	9510	80.155	79.325	72.339	69.194
38164	chrXXI	12683720	9511	81.212	80.383	73.397	70.251
38168	chrXXI	12742545	9512	81.219	80.389	73.403	70.258
38177	chrXXI	12835494	9513	81.219	80.389	73.403	70.258
38179	chrXXI	12848288	9514	81.219	80.389	73.403	70.258
38180	chrXXI	12848291	9515	81.219	80.389	73.403	70.258
38186	chrXXI	12876357	9516	81.219	80.389	73.403	70.258
38187	chrXXI	12876360	9517	81.219	80.389	73.403	70.258
38197	chrXXI	12953372	9518	81.219	80.389	73.403	70.258
38199	chrXXI	12960905	9519	81.219	80.389	73.403	70.258
38203	chrXXI	13025111	9521	82.283	81.453	74.467	71.321
38205	chrXXI	13044667	9522	82.283	81.453	74.467	71.321
38212	chrXXI	13161122	9523	83.347	82.518	75.533	72.39
38219	chrXXI	13243712	9524	84.412	83.583	76.598	73.454
38221	chrXXI	13298644	9525	84.412	83.583	76.598	73.454
38239	chrXXI	13428735	9527	84.412	83.583	76.598	73.454
38241	chrXXI	13442689	9528	84.412	83.583	76.598	73.454
38247	chrXXI	13468890	9530	84.412	83.583	76.598	73.454
38250	chrXXI	13471369	9531	84.412	83.583	76.598	73.454
38251	chrXXI	13471372	9532	84.412	83.583	76.598	73.454
38257	chrXXI	13481395	9533	84.412	83.583	76.598	73.454
38266	chrXXI	13513197	9536	84.412	83.583	76.598	73.454
38268	chrXXI	13522482	9538	84.412	83.583	76.598	73.454
38269	chrXXI	13522485	9539	84.412	83.583	76.598	73.454
38277	chrXXI	13555011	9541	84.412	83.583	76.598	73.454
38279	chrXXI	13573031	9542	85.476	84.647	77.662	74.518
38288	chrXXI	13590801	9543	85.476	84.647	77.662	74.518
38293	chrXXI	13607736	9545	85.476	84.647	77.662	74.518
38296	chrXXI	13612320	9546	85.476	84.647	77.662	74.518
38297	chrXXI	13614380	9547	85.476	84.647	77.662	74.518
38305	chrXXI	13642984	9549	87.605	86.776	79.791	76.647
38310	chrXXI	13685421	9550	87.605	86.776	79.791	76.647
38321	chrXXI	13802831	9552	87.605	86.776	79.791	76.647
38325	chrXXI	13816779	9553	87.605	86.776	79.791	76.647
38333	chrXXI	13839271	9555	87.605	86.776	79.791	76.647
38339	chrXXI	13849332	9556	87.605	86.776	79.791	76.647
38340	chrXXI	13849335	9557	88.129	87.299	80.314	77.17
38358	chrXXI	14020279	9563	88.669	87.84	80.855	77.711
38359	chrXXI	14020282	9564	88.669	87.84	80.855	77.711
38364	chrXXI	14042439	9566	88.669	87.84	80.855	77.711
38367	chrXXI	14048397	9567	88.669	87.84	80.855	77.711
38373	chrXXI	14081558	9568	88.669	87.84	80.855	77.711
38379	chrXXI	14126342	9569	89.079	88.232	81.24	78.125
38398	chrXXI	14201350	9571	90.813	89.983	83	79.863
38401	chrXXI	14205282	9573	90.813	89.983	83	79.863
38407	chrXXI	14208905	9576	90.813	89.983	83	79.863
38424	chrXXI	14269079	9580	91.876	91.047	84.063	80.92
38426	chrXXI	14314259	9581	91.876	91.047	84.063	80.92
38435	chrXXI	14342636	9583	91.876	91.047	84.063	80.92
38441	chrXXI	14354778	9584	91.876	91.047	84.063	80.92
38444	chrXXI	14356923	9585	91.876	91.047	84.063	80.92
38447	chrXXI	14357325	9587	91.876	91.047	84.063	80.92
38463	chrXXI	14526117	9591	91.876	91.047	84.063	80.92
38468	chrXXI	14541671	9592	91.876	91.047	84.063	80.92
38472	chrXXI	14571200	9593	91.876	91.047	84.063	80.92
38474	chrXXI	14575464	9594	91.876	91.047	84.063	80.92
38477	chrXXI	14613394	9595	94.005	93.176	86.191	83.049
38482	chrXXI	14652381	9596	94.005	93.176	86.191	83.049
38484	chrXXI	14653968	9597	94.005	93.176	86.191	83.049
38487	chrXXI	14662857	9598	94.005	93.176	86.191	83.049
38490	chrXXI	14674867	9600	94.005	93.176	86.191	83.049
38491	chrXXI	14674870	9601	94.005	93.176	86.191	83.049
38495	chrXXI	14713180	9602	94.005	93.176	86.191	83.049
38508	chrXXI	14813934	9604	96.135	95.339	88.518	85.66
38514	chrXXI	14902038	9606	97.199	96.37	89.389	86.249
38517	chrXXI	14914901	9607	97.199	96.37	89.389	86.249
38518	chrXXI	14914904	9608	97.199	96.37	89.389	86.249
38521	chrXXI	14987140	9609	98.263	97.434	90.453	87.314
38524	chrXXI	15011914	9610	98.263	97.434	90.453	87.314
38526	chrXXI	15014780	9612	98.263	97.434	90.453	87.314
38531	chrXXI	15033304	9615	98.263	97.434	90.453	87.314
38541	chrXXI	15095488	9616	98.263	97.434	90.453	87.314
38543	chrXXI	15101228	9617	98.263	97.434	90.453	87.314
38549	chrXXI	15143289	9618	98.263	97.434	90.453	87.314
38553	chrXXI	15160325	9619	99.327	98.498	91.517	88.377
38554	chrXXI	15160328	9620	99.327	98.498	91.517	88.377
38566	chrXXI	15267451	9623	99.327	98.498	91.517	88.377
38567	chrXXI	15267454	9624	99.327	98.498	91.517	88.377
38569	chrXXI	15282965	9626	99.327	98.498	91.517	88.377
38572	chrXXI	15304262	9627	99.327	98.498	91.517	88.377
38575	chrXXI	15323777	9628	99.327	98.498	91.517	88.377
38579	chrXXI	15363873	9629	99.923	99.094	92.098	88.914
38580	chrXXI	15394150	9630	100.393	99.564	92.579	89.426
38581	chrXXI	15394153	9631	100.393	99.564	92.579	89.426
38589	chrXXI	15433648	9634	101.457	100.629	93.648	90.509
38593	chrXXI	15439526	9635	101.457	100.629	93.648	90.509
38598	chrXXI	15496783	9636	101.457	100.629	93.648	90.509
38600	chrXXI	15505785	9637	101.457	100.629	93.648	90.509
38608	chrXXI	15556092	9641	103.586	102.758	95.777	92.638
38609	chrXXI	15556095	9642	103.586	102.758	95.777	92.638
38610	chrXXI	15586365	9643	103.586	102.758	95.777	92.638
38612	chrXXI	15595911	9644	103.586	102.758	95.777	92.638
38617	chrXXI	15597758	9648	103.586	102.758	95.777	92.638
38618	chrXXI	15600524	9649	103.586	102.758	95.777	92.638
38619	chrXXI	15600527	9650	103.586	102.758	95.777	92.638
38622	chrXXI	15642807	9651	104.65	103.822	96.841	93.702
38624	chrXXI	15671444	9652	104.65	103.822	96.841	93.702
38627	chrXXI	15688037	9653	104.65	103.822	96.841	93.702
38628	chrXXI	15688040	9654	104.65	103.822	96.841	93.702
44289	chrXXI	15696148	10740	104.65	103.822	96.841	93.702
38629	chrXXI	15703900	9655	104.65	103.822	96.841	93.702
38637	chrXXI	15757165	9656	104.65	103.822	96.841	93.702
38642	chrXXI	15803940	9659	104.65	103.822	96.841	93.702
38647	chrXXI	15864482	9662	105.179	104.35	97.369	94.226
38648	chrXXI	15864485	9663	105.714	104.886	97.905	94.765
38653	chrXXI	15903847	9664	105.714	104.886	97.905	94.765
38654	chrXXI	15911089	9665	105.714	104.886	97.905	94.765
38662	chrXXI	16028939	9668	107.843	107.015	100.034	96.895
38665	chrXXI	16091951	9669	107.843	107.015	100.034	96.895
38667	chrXXI	16094970	9670	107.843	107.015	100.034	96.895
38670	chrXXI	16123883	9671	107.843	107.015	100.034	96.895
38680	chrXXI	16216285	9677	108.907	108.079	101.098	97.96
38682	chrXXI	16218487	9678	108.907	108.079	101.098	97.96
38690	chrXXI	16375910	9680	108.907	108.079	101.098	97.96
38691	chrXXI	16375913	9681	108.907	108.079	101.098	97.96
38695	chrXXI	16431435	9683	108.907	108.079	101.098	97.96
38697	chrXXI	16436533	9685	109.441	108.61	101.589	97.96
38704	chrXXI	16551269	9686	109.982	109.149	102.087	97.96
38714	chrXXI	16592963	9688	109.982	109.149	102.087	97.96
38716	chrXXI	16594691	9689	109.982	109.149	102.087	97.96
38717	chrXXI	16594694	9690	109.982	109.149	102.087	97.96
38718	chrXXI	16619328	9691	111.046	110.213	103.074	97.96
38719	chrXXI	16619331	9692	111.046	110.213	103.074	97.96
38721	chrXXI	16642708	9693	111.046	110.213	103.074	97.96
38722	chrXXI	16642711	9694	111.046	110.213	103.074	97.96
38725	chrXXI	16651603	9695	111.046	110.213	103.074	97.96
38727	chrXXI	16661559	9696	111.046	110.213	103.074	97.96
38729	chrXXI	16689030	9697	111.046	110.213	103.074	97.96
38735	chrXXI	16751212	9699	112.11	111.277	104.138	99.024
38738	chrXXI	16772026	9700	112.11	111.277	104.138	99.024
38741	chrXXI	16787473	9701	112.11	111.277	104.138	99.024
38742	chrXXI	16787476	9702	112.11	111.277	104.138	99.024
38744	chrXXI	16798411	9703	112.11	111.277	104.138	99.024
38748	chrXXI	16806151	9704	112.11	111.277	104.138	99.024
38749	chrXXI	16806539	9705	112.11	111.277	104.138	99.024
38752	chrXXI	16830155	9706	112.11	111.277	104.138	99.024
38756	chrXXI	16834336	9708	112.11	111.277	104.138	99.024
38759	chrXXI	16834763	9709	112.11	111.277	104.138	99.024
38772	chrXXI	16876896	9712	112.11	111.277	104.138	99.024
38779	chrXXI	16941994	9713	112.11	111.277	104.138	99.024
38784	chrXXI	16942886	9714	112.11	111.277	104.138	99.024
38787	chrXXI	16953840	9715	112.11	111.277	104.138	99.024
38810	chrXXI	17225065	9718	112.11	111.277	104.138	99.024
38821	chrXXI	17247918	9721	112.11	111.277	104.138	99.024
38822	chrXXI	17247921	9722	112.11	111.277	104.138	99.024
38826	chrXXI	17268103	9723	112.11	111.277	104.138	99.024
38831	chrXXI	17281883	9724	112.11	111.277	104.138	99.024
38842	chrXXI	17351098	9726	112.11	111.277	104.138	99.024
38843	chrXXI	17353897	9727	112.11	111.277	104.138	99.024
